{
    "status": "ok",
    "totalResults": 3,
    "articles": [
        {
            "source": {
                "id": "news24",
                "name": "News24"
            },
            "author": "Sport24 staff",
            "title": "WP Cricket pays tribute to Boeta Cassiem: 'You brought the heart to Newlands' | Sport",
            "description": "Western Province Cricket Association paid tribute to legendary ice-cream seller Moegamat 'Boeta' Cassiem, who died after a long illness.",
            "url": "https://www.news24.com/sport/Cricket/wp-cricket-pays-tribute-to-boeta-cassiem-you-brought-the-heart-to-newlands-20210916",
            "urlToImage": "https://cdn.24.co.za/files/Cms/General/d/11585/beb5f28f532c43db97dcaaf453384fe2.jpg",
            "publishedAt": "2021-09-16T17:58:37+00:00",
            "content": "Western Province Cricket Association (WPCA) paid tribute to legendary ice-cream seller Moegamat 'Boeta' Cassiem, who died on Tuesday morning after a long illness.\r\nCassiem worked at Newlands for over… [+1789 chars]"
        },
        {
            "source": {
                "id": "espn-cric-info",
                "name": "ESPN Cric Info"
            },
            "author": null,
            "title": "PCB hands Umar Akmal three-year ban from all cricket | ESPNcricinfo.com",
            "description": "Penalty after the batsman pleaded guilty to not reporting corrupt approaches | ESPNcricinfo.com",
            "url": "http://www.espncricinfo.com/story/_/id/29103103/pcb-hands-umar-akmal-three-year-ban-all-cricket",
            "urlToImage": "https://a4.espncdn.com/combiner/i?img=%2Fi%2Fcricket%2Fcricinfo%2F1099495_800x450.jpg",
            "publishedAt": "2020-04-27T11:41:47Z",
            "content": "Umar Akmal's troubled cricket career has hit its biggest roadblock yet, with the PCB handing him a ban from all representative cricket for three years after he pleaded guilty of failing to report det… [+1506 chars]"
        },
        {
            "source": {
                "id": "espn-cric-info",
                "name": "ESPN Cric Info"
            },
            "author": null,
            "title": "What we learned from watching the 1992 World Cup final in full again | ESPNcricinfo.com",
            "description": "Wides, lbw calls, swing - plenty of things were different in white-ball cricket back then | ESPNcricinfo.com",
            "url": "http://www.espncricinfo.com/story/_/id/28970907/learned-watching-1992-world-cup-final-full-again",
            "urlToImage": "https://a4.espncdn.com/combiner/i?img=%2Fi%2Fcricket%2Fcricinfo%2F1219926_1296x729.jpg",
            "publishedAt": "2020-03-30T15:26:05Z",
            "content": "Last week, we at ESPNcricinfo did something we have been thinking of doing for eight years now: pretend-live ball-by-ball commentary for a classic cricket match. We knew the result, yes, but we tried… [+6823 chars]"
        }
    ]
}